timestamp,consumption_kwh,voltage_v,current_a,frequency_hz,meter,day_of_week,is_weekend
2020-01-01,7.859,247.21393750000001,1.4357708333333332,48.235083333333336,BR49,2,0
2020-01-02,6.723,219.1898958333333,1.2717708333333335,43.129020833333335,BR49,3,0
2020-01-03,5.799,253.17235416666665,1.0787708333333332,49.9876875,BR49,4,0
2020-01-04,4.56,251.50435416666667,0.8962916666666667,49.15895833333333,BR49,5,1
2020-01-05,7.542,257.63754166666666,1.3750416666666667,49.99045833333333,BR49,6,1
2020-01-06,5.674,255.59279166666664,1.0524583333333333,49.977979166666664,BR49,0,0
2020-01-07,6.388,250.62904166666667,1.1969583333333333,48.83891666666667,BR49,1,0
2020-01-08,5.647,249.46460416666665,1.0617291666666666,49.588541666666664,BR49,2,0
2020-01-09,6.978,254.82760416666667,1.3099375,49.49229166666667,BR49,3,0
2020-01-10,13.54,252.67727083333332,2.3316041666666667,49.488416666666666,BR49,4,0
2020-01-11,12.013,254.95645833333336,2.0963125000000002,50.010041666666666,BR49,5,1
2020-01-12,12.05,255.22320833333333,2.10575,49.89683333333333,BR49,6,1
2020-01-13,7.936,249.25466666666668,1.4447708333333333,48.856312499999994,BR49,0,0
2020-01-14,8.574,252.82383333333334,1.5240208333333334,49.168104166666666,BR49,1,0
2020-01-15,9.399,256.4540416666667,1.6512083333333334,49.9119375,BR49,2,0
2020-01-16,7.401,255.96491666666668,1.3214374999999998,49.68295833333333,BR49,3,0
2020-01-17,10.228,245.4490625,1.8590833333333334,47.69329166666667,BR49,4,0
2020-01-18,9.41,240.6616666666667,1.7248541666666666,46.775687500000004,BR49,5,1
2020-01-19,9.838,253.1738125,1.7348958333333333,48.86264583333333,BR49,6,1
2020-01-20,10.155,258.7513125,1.7508333333333332,50.0015,BR49,0,0
2020-01-21,10.821,258.90958333333333,1.8757916666666667,50.0126875,BR49,1,0
2020-01-22,8.954,231.31627083333333,1.6201666666666665,44.606812500000004,BR49,2,0
2020-01-23,8.426,246.97833333333335,1.5379791666666667,47.60697916666666,BR49,3,0
2020-01-24,9.118,258.59925,1.6510624999999999,49.99277083333333,BR49,4,0
2020-01-25,8.599,253.8223125,1.5661875,49.05235416666667,BR49,5,1
2020-01-26,10.585,259.6284166666667,1.8532083333333333,49.99829166666667,BR49,6,1
2020-01-27,8.346,218.6350833333333,1.5842083333333332,42.293104166666666,BR49,0,0
2020-01-28,10.277,256.71081250000003,1.7912291666666667,49.47110416666667,BR49,1,0
2020-01-29,10.375,252.079,1.8359999999999999,48.43633333333333,BR49,2,0
2020-01-30,9.052,251.52025,1.5825625,48.42997916666666,BR49,3,0
2020-01-31,8.902,254.02852083333335,1.5920833333333335,49.06497916666667,BR49,4,0
2020-02-01,9.0,257.276,1.5983333333333334,49.591375,BR49,5,1
2020-02-02,10.842,231.45427083333334,1.9647291666666669,44.59708333333333,BR49,6,1
2020-02-03,11.462,254.87839583333334,2.080395833333333,49.13522916666667,BR49,0,0
2020-02-04,8.198,247.37445833333334,1.5227916666666668,47.78037500000001,BR49,1,0
2020-02-05,8.598,256.63279166666666,1.5271041666666667,49.582458333333335,BR49,2,0
2020-02-06,6.97,255.5486875,1.2766875,49.269125,BR49,3,0
2020-02-07,10.522,255.9270625,1.8701458333333332,49.58283333333333,BR49,4,0
2020-02-08,5.579,256.1293958333333,1.0654375,49.479187499999995,BR49,5,1
2020-02-09,5.751,240.00616666666667,1.1105625000000001,46.365874999999996,BR49,6,1
2020-02-10,8.339,257.16377083333333,1.5392291666666666,49.922875,BR49,0,0
2020-02-11,6.498,257.10893749999997,1.2051875,50.00697916666666,BR49,1,0
2020-02-12,6.277,257.87670833333334,1.1940625,49.78827083333333,BR49,2,0
2020-02-13,7.369,259.22183333333334,1.4411666666666667,49.983666666666664,BR49,3,0
2020-02-14,6.753,258.75110416666666,1.2637916666666666,49.99529166666667,BR49,4,0
2020-02-15,4.903,254.67168750000002,0.98375,49.16947916666666,BR49,5,1
2020-02-16,6.54,257.55802083333333,1.2638541666666667,49.800666666666665,BR49,6,1
2020-02-17,4.965,246.64385416666667,0.9931458333333333,47.7164375,BR49,0,0
2020-02-18,5.0120000000000005,255.968125,1.0053333333333334,49.67604166666667,BR49,1,0
2020-02-19,5.647,256.51708333333335,1.1021874999999999,49.586687500000004,BR49,2,0
2020-02-20,4.445,252.70414583333334,0.923875,48.77222916666666,BR49,3,0
2020-02-21,5.888,252.4719166666667,1.1663333333333334,48.016333333333336,BR49,4,0
2020-02-22,4.607,252.40475,1.003,48.43779166666666,BR49,5,1
2020-02-23,4.768,253.21185416666668,0.9975,48.543645833333336,BR49,6,1
2020-02-24,4.876,251.91654166666666,0.9948541666666666,48.53091666666667,BR49,0,0
2020-02-25,4.447,254.89335416666665,0.9206875,49.15566666666667,BR49,1,0
2020-02-26,3.932,258.05079166666667,0.8046041666666667,49.582208333333334,BR49,2,0
2020-02-27,3.961,257.8085,0.8652916666666666,49.5876875,BR49,3,0
2020-02-28,4.086,259.7921875,0.8632708333333333,49.901125,BR49,4,0
2020-02-29,4.819,250.81075,1.0425416666666667,48.12329166666667,BR49,5,1
2020-03-01,4.68,259.1168333333333,0.9863541666666666,49.285645833333334,BR49,6,1
2020-03-02,4.937,253.67191666666668,1.0255416666666666,48.74610416666667,BR49,0,0
2020-03-03,4.229,258.4598125,0.8904166666666666,49.69025,BR49,1,0
2020-03-04,5.149,259.40989583333334,1.040875,49.90625,BR49,2,0
2020-03-05,4.602,260.5071041666667,0.9342916666666666,50.00252083333333,BR49,3,0
2020-03-06,4.775,201.78691666666666,1.0212916666666667,38.3386875,BR49,4,0
2020-03-07,4.457,256.01443750000004,0.9338541666666667,48.946000000000005,BR49,5,1
2020-03-08,3.782,251.90216666666666,0.8106458333333334,48.23920833333333,BR49,6,1
2020-03-09,3.801,262.1172708333333,0.8484999999999999,50.0245625,BR49,0,0
2020-03-10,5.406,262.9833125,1.0652916666666665,50.03697916666667,BR49,1,0
2020-03-11,8.468,261.432875,1.6332708333333334,49.993875,BR49,2,0
2020-03-12,4.499,245.61695833333334,0.9083125,47.50266666666666,BR49,3,0
2020-03-13,5.161,248.00300000000001,1.0401458333333333,47.50691666666667,BR49,4,0
2020-03-14,4.035,261.26447916666666,0.8261458333333334,49.99814583333333,BR49,5,1
2020-03-15,3.669,247.93243750000002,0.8102291666666667,47.19835416666667,BR49,6,1
2020-03-16,3.333,257.94779166666666,0.7765000000000001,49.264354166666664,BR49,0,0
2020-03-17,3.215,224.5279375,0.7606041666666666,43.23591666666667,BR49,1,0
2020-03-18,4.25,243.14358333333334,0.9627708333333334,46.76933333333333,BR49,2,0
2020-03-19,4.303,259.1829583333334,0.8501458333333333,50.003375,BR49,3,0
2020-03-20,4.139,259.0628541666667,0.8287291666666667,50.02333333333333,BR49,4,0
2020-03-21,5.8149999999999995,258.3703541666667,1.0810208333333333,50.0289375,BR49,5,1
2020-03-22,5.739,261.70189583333337,1.0539791666666667,50.020583333333335,BR49,6,1
2020-03-23,5.88,259.73295833333333,1.0862291666666666,50.00397916666667,BR49,0,0
2020-03-24,4.96,214.61835416666665,0.9554791666666667,41.4939375,BR49,1,0
2020-03-25,5.023,254.86724999999998,0.9730208333333333,49.292541666666665,BR49,2,0
2020-03-26,5.099,256.8874166666667,0.9902708333333333,49.5898125,BR49,3,0
2020-03-27,5.388,255.8249375,1.0538125,49.26166666666666,BR49,4,0
2020-03-28,8.451,256.1144375,1.6348541666666667,49.813520833333335,BR49,5,1
2020-03-29,5.166,253.7976666666667,0.9977916666666666,49.28572916666667,BR49,6,1
2020-03-30,5.432,254.67297916666666,1.0518333333333334,49.462250000000004,BR49,0,0
2020-03-31,5.935,249.04266666666666,1.1561458333333334,48.42752083333333,BR49,1,0
2020-04-01,5.244,255.99822916666665,0.9889375,49.9726875,BR49,2,0
2020-04-02,5.62,256.22897916666665,1.0460625000000001,50.020937499999995,BR49,3,0
2020-04-03,5.563,255.04229166666667,1.0625208333333334,49.48820833333333,BR49,4,0
2020-04-04,5.312,252.21233333333333,1.045375,48.747625,BR49,5,1
2020-04-05,5.532,254.09868749999998,1.1016249999999999,49.37922916666666,BR49,6,1
2020-04-06,4.632,251.13325,0.9153333333333333,48.96810416666666,BR49,0,0
2020-04-07,5.109,257.862375,0.9526875,50.013687499999996,BR49,1,0
2020-04-08,6.05,256.8514791666667,1.1032916666666668,50.00247916666667,BR49,2,0
2020-04-09,5.218,256.6300625,1.0072708333333333,49.901854166666666,BR49,3,0
2020-04-10,5.069,254.65254166666668,0.9600624999999999,49.48018750000001,BR49,4,0
2020-04-11,5.816,237.30608333333333,1.1324375000000002,46.45722916666667,BR49,5,1
2020-04-12,6.337,253.09289583333333,1.164625,49.79754166666667,BR49,6,1
2020-04-13,7.06,254.08350000000002,1.2933333333333332,49.98766666666667,BR49,0,0
2020-04-14,7.528,253.21856250000002,1.3631666666666669,49.7961875,BR49,1,0
2020-04-15,7.29,252.68852083333334,1.3563958333333335,49.8025625,BR49,2,0
2020-04-16,9.369,253.01745833333334,1.7187916666666667,49.89789583333334,BR49,3,0
2020-04-17,7.247,198.728375,1.4214166666666666,39.163020833333334,BR49,4,0
2020-04-18,8.164,246.10941666666668,1.6085,48.44564583333333,BR49,5,1
2020-04-19,7.858,247.70141666666666,1.4840000000000002,48.664145833333336,BR49,6,1
2020-04-20,6.981,254.09704166666668,1.2856875,49.498062499999996,BR49,0,0
2020-04-21,5.511,227.1115,1.07425,44.26445833333333,BR49,1,0
2020-04-22,6.119,251.72689583333334,1.1807291666666666,49.14689583333333,BR49,2,0
2020-04-23,7.027,252.7998125,1.3211249999999999,49.385666666666665,BR49,3,0
2020-04-24,6.28,254.27075000000002,1.1807916666666667,50.00895833333333,BR49,4,0
2020-04-25,6.658,256.33110416666665,1.2107708333333334,50.012166666666666,BR49,5,1
2020-04-26,5.983,220.4352291666667,1.1878541666666667,42.720062500000004,BR49,6,1
2020-04-27,4.868,229.13904166666669,1.0015,44.289541666666665,BR49,0,0
2020-04-28,5.008,210.930625,1.0435833333333333,41.46447916666667,BR49,1,0
2020-04-29,8.001,255.701,1.4566249999999998,50.01175,BR49,2,0
2020-04-30,7.881,254.2490625,1.410125,49.90975,BR49,3,0
2020-05-01,6.791,249.009375,1.2727291666666667,48.555375000000005,BR49,4,0
2020-05-02,6.9399999999999995,228.1476875,1.2773541666666666,44.90775,BR49,5,1
2020-05-03,7.35,242.61529166666665,1.2930208333333333,47.813875,BR49,6,1
2020-05-04,7.779,235.3966875,1.4978333333333333,46.54629166666667,BR49,0,0
2020-05-05,8.393,254.28585416666667,1.4826666666666666,49.89552083333333,BR49,1,0
2020-05-06,7.754,255.4453125,1.3833541666666667,50.020812500000005,BR49,2,0
2020-05-07,6.818,219.77358333333333,1.3980833333333333,43.0669375,BR49,3,0
2020-05-08,6.876,245.6724375,1.289625,48.63645833333333,BR49,4,0
2020-05-09,7.062,251.5555,1.301875,49.9793125,BR49,5,1
2020-05-10,6.529,227.60789583333332,1.227875,44.50391666666667,BR49,6,1
2020-05-11,5.878,248.7118125,1.087,48.3488125,BR49,0,0
2020-05-12,7.24,251.35679166666665,1.3500208333333332,49.483375,BR49,1,0
2020-05-13,8.05,248.25204166666666,1.4700208333333333,49.076875,BR49,2,0
2020-05-14,0.0,,,,BR49,3,0
2020-05-15,0.0,,,,BR49,4,0
2020-05-16,8.638,246.39120833333334,1.6017916666666667,49.49002083333333,BR49,5,1
2020-05-17,7.175,246.89360416666665,1.3615625,49.599916666666665,BR49,6,1
2020-05-18,8.54,246.80575,1.5866666666666667,49.89883333333333,BR49,0,0
2020-05-19,8.809,242.951625,1.6539375,48.9736875,BR49,1,0
2020-05-20,8.345,238.48227083333333,1.5847499999999999,47.91985416666667,BR49,2,0
2020-05-21,18.445,233.17647916666667,3.3035208333333332,47.2183125,BR49,3,0
2020-05-22,19.724,244.41333333333333,3.5327916666666668,49.995125,BR49,4,0
2020-05-23,26.133,241.9473125,4.698291666666666,49.99127083333334,BR49,5,1
2020-05-24,33.163,241.85083333333333,5.868854166666667,50.00058333333333,BR49,6,1
2020-05-25,25.537,223.79014583333336,4.672458333333334,46.240874999999996,BR49,0,0
2020-05-26,30.123,239.5665625,5.441395833333333,49.904333333333334,BR49,1,0
2020-05-27,31.062,227.40039583333333,5.542291666666667,47.218375,BR49,2,0
2020-05-28,32.482,238.03014583333334,5.784458333333333,48.3661875,BR49,3,0
2020-05-29,19.565,147.6922708333333,3.6882083333333333,30.936083333333332,BR49,4,0
2020-05-30,17.247,246.4259375,3.0885208333333334,49.2611875,BR49,5,1
2020-05-31,8.998,231.88856249999998,1.7355208333333332,45.424,BR49,6,1
2020-06-01,16.249,239.06645833333332,2.9276874999999998,47.52258333333334,BR49,0,0
2020-06-02,14.352,248.58027083333334,2.564604166666667,49.688875,BR49,1,0
2020-06-03,16.364,228.66412499999998,2.9788541666666664,46.25002083333333,BR49,2,0
2020-06-04,21.744,244.02391666666665,3.9073333333333333,49.269958333333335,BR49,3,0
2020-06-05,16.327,239.99579166666666,2.9543958333333333,47.62777083333334,BR49,4,0
2020-06-06,11.377,238.11589583333335,2.144458333333333,47.61304166666666,BR49,5,1
2020-06-07,21.391,242.3289166666667,3.8506875,48.7808125,BR49,6,1
2020-06-08,19.475,242.8420625,3.5340416666666665,49.558166666666665,BR49,0,0
2020-06-09,25.225,238.20806249999998,4.577166666666667,49.45395833333334,BR49,1,0
2020-06-10,29.541,236.03462499999998,5.3856875,49.58291666666666,BR49,2,0
2020-06-11,34.813,233.85327083333334,6.319875,48.8709375,BR49,3,0
2020-06-12,29.312,226.91647916666668,5.3115,47.402875,BR49,4,0
2020-06-13,33.957,241.38787499999998,6.0731875,50.01975,BR49,5,1
2020-06-14,24.993,210.2480625,4.6256458333333335,43.77708333333333,BR49,6,1
2020-06-15,31.358,237.48141666666666,5.6700625,49.80204166666667,BR49,0,0
2020-06-16,36.406,237.545875,6.457624999999999,49.69227083333333,BR49,1,0
2020-06-17,28.583,240.54706249999998,5.1477916666666665,50.00389583333333,BR49,2,0
2020-06-18,39.464,237.35560416666667,7.077916666666667,49.702666666666666,BR49,3,0
2020-06-19,41.426,237.12308333333334,7.489,49.700520833333336,BR49,4,0
2020-06-20,32.929,241.54270833333334,5.896937500000001,49.91320833333334,BR49,5,1
2020-06-21,26.036,216.80037499999997,4.772416666666667,44.52170833333333,BR49,6,1
2020-06-22,35.910000000000004,238.01202083333334,6.524958333333333,49.67577083333333,BR49,0,0
2020-06-23,24.815,177.92022916666667,4.742354166666667,37.58433333333333,BR49,1,0
2020-06-24,25.197,216.11427083333334,4.55175,44.670604166666664,BR49,2,0
2020-06-25,20.58,201.39268750000002,3.963625,41.15625,BR49,3,0
2020-06-26,21.194,244.47520833333334,3.8112291666666667,49.90589583333334,BR49,4,0
2020-06-27,34.236000000000004,232.38664583333332,6.239729166666667,49.07047916666667,BR49,5,1
2020-06-28,30.625,218.939625,5.5758125,46.2631875,BR49,6,1
2020-06-29,31.743000000000002,223.08839583333332,5.897354166666667,46.133562500000004,BR49,0,0
2020-06-30,31.451,236.3158125,5.643895833333334,49.26385416666667,BR49,1,0
2020-07-01,26.637999999999998,235.15222916666667,4.8775208333333335,49.465291666666666,BR49,2,0
2020-07-02,47.596000000000004,224.6055,8.690791666666666,48.116625,BR49,3,0
2020-07-03,38.067,198.5391875,7.13225,42.38675,BR49,4,0
2020-07-04,30.348,230.22927083333335,5.532291666666667,47.72422916666667,BR49,5,1
2020-07-05,25.123,233.09579166666666,4.484604166666667,47.76564583333333,BR49,6,1
2020-07-06,23.997,203.15354166666665,4.427666666666667,42.189,BR49,0,0
2020-07-07,14.699,208.92791666666665,2.8137499999999998,41.8765,BR49,1,0
2020-07-08,13.099,244.93685416666668,2.3601666666666663,49.4663125,BR49,2,0
2020-07-09,18.774,244.008875,3.3849791666666667,50.0035,BR49,3,0
2020-07-10,20.653,240.54622916666668,3.7485416666666667,49.495125,BR49,4,0
2020-07-11,24.205,244.8469166666667,4.270166666666666,49.70670833333334,BR49,5,1
2020-07-12,24.659,238.62154166666667,4.4889375000000005,48.78320833333333,BR49,6,1
2020-07-13,22.268,238.16910416666667,4.072479166666667,49.43897916666666,BR49,0,0
2020-07-14,25.316,235.80704166666666,4.657520833333334,49.6330625,BR49,1,0
2020-07-15,24.206,224.3811875,4.561687500000001,47.05104166666667,BR49,2,0
2020-07-16,28.579,237.50622916666669,5.190458333333334,49.882083333333334,BR49,3,0
2020-07-17,32.693,221.61827083333336,6.017541666666667,46.865125,BR49,4,0
2020-07-18,31.756,234.21279166666667,5.892250000000001,48.83447916666667,BR49,5,1
2020-07-19,18.742,244.4155625,3.4025208333333334,50.019416666666665,BR49,6,1
2020-07-20,22.216,232.90652083333333,4.085624999999999,47.924416666666666,BR49,0,0
2020-07-21,19.276,226.7745,3.5757291666666666,46.1444375,BR49,1,0
2020-07-22,12.668,245.01135416666665,2.343104166666667,49.687374999999996,BR49,2,0
2020-07-23,14.836,215.450875,2.7772083333333333,43.8515,BR49,3,0
2020-07-24,16.943,223.31233333333333,3.1430208333333334,45.42120833333333,BR49,4,0
2020-07-25,14.945,247.5132291666667,2.6611874999999996,49.88558333333334,BR49,5,1
2020-07-26,16.425,235.72635416666665,2.9939791666666666,47.80972916666666,BR49,6,1
2020-07-27,24.03,232.58347916666668,4.400729166666666,48.31554166666667,BR49,0,0
2020-07-28,22.715,222.1708125,4.146833333333333,45.71279166666667,BR49,1,0
2020-07-29,16.561,229.06904166666666,3.0705625,45.834020833333334,BR49,2,0
2020-07-30,13.273,247.20160416666667,2.4065833333333333,49.3770625,BR49,3,0
2020-07-31,14.017,223.3336666666667,2.6379791666666668,44.667625,BR49,4,0
2020-08-01,10.218,237.01964583333333,1.9225416666666668,48.431562500000005,BR49,5,1
2020-08-02,19.017,243.07883333333334,3.40875,49.791375,BR49,6,1
2020-08-03,20.009,230.7771875,3.6408541666666663,47.0874375,BR49,0,0
2020-08-04,20.152,234.30904166666667,3.7428749999999997,48.6565625,BR49,1,0
2020-08-05,21.396,234.91075,4.0094375,49.78404166666667,BR49,2,0
2020-08-06,18.764,181.754375,3.629,39.79722916666666,BR49,3,0
2020-08-07,24.011,234.23149999999998,4.5085,49.34314583333333,BR49,4,0
2020-08-08,26.928,230.471375,5.018666666666666,48.51945833333333,BR49,5,1
2020-08-09,25.734,243.6478125,4.633479166666667,49.994458333333334,BR49,6,1
2020-08-10,19.992,244.20910416666666,3.571791666666667,49.9086875,BR49,0,0
2020-08-11,16.373,242.51577083333333,2.9439583333333332,49.480583333333335,BR49,1,0
2020-08-12,18.419999999999998,245.28597916666666,3.3096666666666668,49.69197916666667,BR49,2,0
2020-08-13,15.278,242.15133333333333,2.7943333333333333,48.434,BR49,3,0
2020-08-14,13.25,240.01343749999998,2.4693125,48.41835416666667,BR49,4,0
2020-08-15,13.425,245.55883333333335,2.4291458333333336,49.99710416666667,BR49,5,1
2020-08-16,23.218,245.44379166666667,4.1825,49.992312500000004,BR49,6,1
2020-08-17,22.509,236.23560416666666,4.182604166666667,49.67491666666667,BR49,0,0
2020-08-18,21.813,239.94972916666666,3.976541666666667,50.00516666666667,BR49,1,0
2020-08-19,18.994,245.11197916666666,3.449479166666667,49.169041666666665,BR49,2,0
2020-08-20,17.578,243.27652083333334,3.30225,49.5714375,BR49,3,0
2020-08-21,19.019,244.46327083333333,3.4913958333333333,49.8843125,BR49,4,0
2020-08-22,21.772,243.50789583333332,3.9604166666666667,49.38260416666667,BR49,5,1
2020-08-23,21.571,246.49566666666666,3.841395833333333,49.803937499999996,BR49,6,1
2020-08-24,17.007,235.60275000000001,3.11025,48.02920833333334,BR49,0,0
2020-08-25,22.749,240.19335416666667,4.132041666666667,49.68241666666667,BR49,1,0
2020-08-26,26.239,239.4068125,4.789874999999999,49.56977083333334,BR49,2,0
2020-08-27,19.37,223.88820833333332,3.7249166666666667,46.66772916666666,BR49,3,0
2020-08-28,19.056,240.04785416666667,3.5797916666666665,48.52125,BR49,4,0
2020-08-29,11.278,235.57997916666667,2.1341666666666668,47.280145833333336,BR49,5,1
2020-08-30,19.523,231.852,3.6077500000000002,46.68395833333333,BR49,6,1
2020-08-31,21.545,231.2775625,3.9745208333333335,47.27039583333333,BR49,0,0
2020-09-01,24.875,215.7326875,4.653895833333333,44.57958333333333,BR49,1,0
2020-09-02,22.3,236.181125,4.1075625,48.928250000000006,BR49,2,0
2020-09-03,22.488,239.88308333333333,4.1030625,49.675270833333336,BR49,3,0
2020-09-04,23.896,236.16820833333335,4.360645833333334,49.064125,BR49,4,0
2020-09-05,26.239,239.24983333333333,4.8293125,49.49197916666667,BR49,5,1
2020-09-06,23.436,243.88664583333332,4.217208333333334,50.01895833333333,BR49,6,1
2020-09-07,19.721,235.8053541666667,3.6927916666666665,49.27762499999999,BR49,0,0
2020-09-08,22.022,234.16372916666666,4.173125,49.141354166666666,BR49,1,0
2020-09-09,23.959,237.67754166666666,4.374020833333334,49.7965625,BR49,2,0
2020-09-10,21.211,235.41845833333335,3.9367916666666667,49.49602083333333,BR49,3,0
2020-09-11,23.339,233.35758333333334,4.3721875,49.182270833333334,BR49,4,0
2020-09-12,25.848,227.13939583333334,4.878041666666666,48.34135416666666,BR49,5,1
2020-09-13,22.325,234.27770833333335,4.186979166666666,49.18325,BR49,6,1
2020-09-14,0.0,,,,BR49,0,0
2020-09-15,0.0,,,,BR49,1,0
2020-09-16,0.0,,,,BR49,2,0
2020-09-17,30.889,228.82652083333332,5.7138125,48.1385,BR49,3,0
2020-09-18,34.469,219.34341666666666,6.420895833333334,46.56635416666666,BR49,4,0
2020-09-19,0.0,,,,BR49,5,1
2020-09-20,28.346,238.1646875,5.194166666666666,50.004979166666665,BR49,6,1
2020-09-21,28.966,229.25829166666665,5.435854166666667,48.64808333333334,BR49,0,0
2020-09-22,32.494,229.05427083333333,5.994375000000001,48.338791666666665,BR49,1,0
2020-09-23,22.734,227.92168750000002,4.212479166666666,47.290458333333326,BR49,2,0
2020-09-24,19.615,240.05666666666667,3.5842083333333337,48.93833333333334,BR49,3,0
2020-09-25,17.349,233.66056250000003,3.294375,48.121,BR49,4,0
2020-09-26,25.47,240.75416666666666,4.6230625000000005,49.37595833333333,BR49,5,1
2020-09-27,23.583000000000002,234.3066875,4.303770833333333,47.91789583333333,BR49,6,1
2020-09-28,21.099999999999998,234.7890416666667,3.8839375,48.210125,BR49,0,0
2020-09-29,19.171,240.01129166666666,3.5190625,48.74702083333333,BR49,1,0
2020-09-30,17.728,239.87981249999999,3.277,48.66052083333333,BR49,2,0
2020-10-01,19.0,243.0590625,3.5144375,49.192729166666666,BR49,3,0
2020-10-02,18.089,247.72941666666665,3.2580625,50.008125,BR49,4,0
2020-10-03,20.236,236.937375,3.7811666666666666,48.44589583333333,BR49,5,1
2020-10-04,18.828,245.30683333333334,3.4388750000000003,49.393625,BR49,6,1
2020-10-05,10.134,245.23066666666668,1.8786458333333333,49.68214583333334,BR49,0,0
2020-10-06,8.734,242.69481249999998,1.7036458333333333,49.592354166666674,BR49,1,0
2020-10-07,12.845,234.5955625,2.439583333333333,47.924479166666664,BR49,2,0
2020-10-08,16.627,246.95477083333333,3.1106458333333333,50.0036875,BR49,3,0
2020-10-09,7.766,242.51214583333334,1.5449166666666667,48.95822916666667,BR49,4,0
2020-10-10,7.779,242.50802083333335,1.5212708333333333,48.656,BR49,5,1
2020-10-11,9.514,248.70864583333332,1.7891666666666666,49.81741666666667,BR49,6,1
2020-10-12,9.957,241.83004166666666,1.8752708333333332,48.65995833333333,BR49,0,0
2020-10-13,8.393,247.69889583333332,1.5806875,49.91366666666667,BR49,1,0
2020-10-14,9.301,237.32364583333336,1.8115833333333333,47.510416666666664,BR49,2,0
2020-10-15,8.645,247.42420833333333,1.6652083333333332,49.79264583333334,BR49,3,0
2020-10-16,10.169,242.81429166666666,1.9124583333333334,48.94102083333333,BR49,4,0
2020-10-17,10.309,247.47160416666665,1.93475,49.46995833333334,BR49,5,1
2020-10-18,10.978,248.4923125,2.1368958333333334,49.16320833333334,BR49,6,1
2020-10-19,7.719,252.13762499999999,1.421375,49.99797916666667,BR49,0,0
2020-10-20,6.451,247.77779166666667,1.2375625,48.6385,BR49,1,0
2020-10-21,7.013,248.45954166666667,1.3221458333333334,49.0715625,BR49,2,0
2020-10-22,5.97,251.96518749999998,1.1705416666666666,49.69925,BR49,3,0
2020-10-23,7.461,251.51270833333334,1.4361458333333335,49.92214583333334,BR49,4,0
2020-10-24,6.5889999999999995,253.46039583333334,1.2707708333333334,50.00347916666667,BR49,5,1
2020-10-25,6.163,253.94372916666669,1.2181875,49.48308333333333,BR49,6,1
2020-10-26,5.223,242.77991666666668,1.0520208333333334,47.51579166666667,BR49,0,0
2020-10-27,6.547,254.04208333333332,1.2806041666666668,49.89541666666666,BR49,1,0
2020-10-28,5.24,251.03991666666667,1.0332916666666667,49.26766666666666,BR49,2,0
2020-10-29,5.17,250.24164583333334,0.9798333333333333,48.83825,BR49,3,0
2020-10-30,5.636,257.238625,1.0535208333333332,49.98339583333333,BR49,4,0
2020-10-31,5.234,232.0945416666667,0.9972708333333333,45.104749999999996,BR49,5,1
2020-11-01,5.468,256.7298333333333,1.0377708333333333,49.697312499999995,BR49,6,1
2020-11-02,5.5,244.8571041666667,1.0394999999999999,47.714000000000006,BR49,0,0
2020-11-03,5.285,257.69114583333334,0.9802291666666666,50.01552083333333,BR49,1,0
2020-11-04,4.707,255.1071458333333,0.8786666666666666,49.58258333333333,BR49,2,0
2020-11-05,5.348,253.89208333333332,1.019,49.272416666666665,BR49,3,0
2020-11-06,7.1,255.91054166666666,1.2774375,49.90625,BR49,4,0
2020-11-07,4.854,255.33279166666668,0.9268333333333333,49.582,BR49,5,1
2020-11-08,7.34,258.43152083333337,1.3206458333333333,50.0035,BR49,6,1
2020-11-09,6.33,252.38614583333336,1.1814791666666666,49.38310416666666,BR49,0,0
2020-11-10,6.466,253.95722916666668,1.23875,49.38752083333333,BR49,1,0
2020-11-11,6.511,232.610875,1.2304791666666666,45.21125,BR49,2,0
2020-11-12,7.8469999999999995,254.7306875,1.4228125,49.681604166666666,BR49,3,0
2020-11-13,6.214,254.68610416666667,1.1361875,49.493125,BR49,4,0
2020-11-14,7.352,258.916875,1.2850208333333333,49.994479166666665,BR49,5,1
2020-11-15,7.085,240.67429166666668,1.2970833333333334,45.91541666666667,BR49,6,1
2020-11-16,0.0,,,,BR49,0,0
2020-11-17,6.218,248.76370833333334,1.1283333333333334,48.126916666666666,BR49,1,0
2020-11-18,5.227,257.05058333333335,0.9533124999999999,49.8968125,BR49,2,0
2020-11-19,5.434,247.02704166666666,1.0136666666666667,47.91502083333333,BR49,3,0
2020-11-20,5.874,254.77439583333336,1.0570208333333333,49.5826875,BR49,4,0
2020-11-21,4.704,258.5888958333333,0.9094375,49.997749999999996,BR49,5,1
2020-11-22,6.351,258.803375,1.1971874999999998,49.989875,BR49,6,1
2020-11-23,5.342,247.8443125,1.0417291666666666,48.1115625,BR49,0,0
2020-11-24,5.457,251.89908333333332,1.0594166666666667,48.96010416666666,BR49,1,0
2020-11-25,6.234,255.24127083333332,1.1270625,49.488145833333334,BR49,2,0
2020-11-26,6.844,258.5640208333333,1.2328125,50.01014583333333,BR49,3,0
2020-11-27,7.138,256.03866666666664,1.3017916666666667,49.592437499999996,BR49,4,0
2020-11-28,7.163,256.8743125,1.412,50.000770833333334,BR49,5,1
2020-11-29,5.911,255.57064583333334,1.0921875,49.67991666666667,BR49,6,1
2020-11-30,5.334,242.7696875,1.0458749999999999,47.18570833333333,BR49,0,0
2020-12-01,4.442,253.01120833333334,0.8624791666666667,49.286770833333335,BR49,1,0
2020-12-02,5.267,252.76439583333334,0.9934791666666667,49.17308333333334,BR49,2,0
2020-12-03,4.507,255.74072916666668,0.8751666666666666,49.8860625,BR49,3,0
2020-12-04,4.45,249.52460416666665,0.8516875,48.73970833333333,BR49,4,0
2020-12-05,4.134,257.453375,0.812125,50.005229166666666,BR49,5,1
2020-12-06,4.774,257.9102291666667,0.8913541666666667,50.006729166666666,BR49,6,1
2020-12-07,5.328,254.84077083333335,1.0067083333333333,49.478229166666665,BR49,0,0
2020-12-08,5.044,257.9388125,0.9603958333333333,50.01702083333334,BR49,1,0
2020-12-09,4.817,244.32166666666666,0.9552708333333333,47.30472916666667,BR49,2,0
2020-12-10,4.509,253.98706249999998,0.8698750000000001,48.985375,BR49,3,0
2020-12-11,4.652,247.52864583333334,0.8842083333333334,47.60020833333333,BR49,4,0
2020-12-12,5.602,255.06533333333334,1.2279791666666666,49.07454166666666,BR49,5,1
2020-12-13,9.944,259.469625,1.8781041666666667,50.02370833333334,BR49,6,1
2020-12-14,8.801,256.4046666666667,1.6799166666666667,49.69645833333333,BR49,0,0
2020-12-15,10.369,255.37560416666665,1.9138541666666666,49.580958333333335,BR49,1,0
2020-12-16,10.964,256.9446875,2.0154791666666667,49.993458333333336,BR49,2,0
2020-12-17,12.277,253.64260416666667,2.2464999999999997,49.474062499999995,BR49,3,0
2020-12-18,12.472,254.37018750000001,2.2916250000000002,49.79375,BR49,4,0
2020-12-19,10.163,249.64956249999997,1.919625,48.87104166666666,BR49,5,1
2020-12-20,9.1,239.25989583333333,1.7324791666666668,46.92216666666666,BR49,6,1
2020-12-21,9.243,251.41741666666667,1.7209583333333331,49.1799375,BR49,0,0
2020-12-22,8.774000000000001,253.96529166666667,1.6252083333333334,49.685208333333335,BR49,1,0
2020-12-23,9.208,254.65614583333334,1.661375,49.90310416666667,BR49,2,0
2020-12-24,6.273,244.91241666666667,1.2246666666666668,47.71358333333333,BR49,3,0
2020-12-25,7.122,256.22379166666667,1.37625,49.900083333333335,BR49,4,0
2020-12-26,7.218,255.75416666666666,1.3924375,49.90391666666667,BR49,5,1
2020-12-27,6.572,255.77408333333332,1.3099375,49.908125000000005,BR49,6,1
2020-12-28,9.66,253.7883125,1.7846458333333333,49.70404166666666,BR49,0,0
2020-12-29,7.736000000000001,251.84900000000002,1.4738541666666667,49.2729375,BR49,1,0
2020-12-30,9.282,250.084375,1.7074375000000002,48.94329166666667,BR49,2,0
2020-12-31,11.424,249.617875,2.059083333333333,48.8296875,BR49,3,0
